{"version": 2, "width": 96, "height": 44, "timestamp": 1539307280, "env": {"SHELL": "/bin/bash", "TERM": "rxvt-unicode-256color"}}
[0.148255, "o", "\u001b]0;nevernew@orca:/mnt/repo/python/ticket\u0007"]
[0.152237, "o", "\u001b[01;33mnevernew@orca\u001b[01;34m /mnt/repo/python/ticket $\u001b[00m "]
[1.617301, "o", "\r\n"]
[1.617855, "o", "\u001b]0;nevernew@orca:/mnt/repo/python/ticket\u0007\u001b[01;33mnevernew@orca\u001b[01;34m /mnt/repo/python/ticket $\u001b[00m "]
[2.480085, "o", "\u001b[H\u001b[2J\u001b[01;33mnevernew@orca\u001b[01;34m /mnt/repo/python/ticket $\u001b[00m "]
[8.163208, "o", "."]
[8.589164, "o", "/"]
[8.97597, "o", "t"]
[9.117599, "o", "i"]
[9.606542, "o", "cket.py "]
[12.079834, "o", "\r\n"]
[12.24477, "o", "usage: ticket.py [-h] [-g G [G ...]] [-t T [T ...]] [-i] [name [name ...]]\r\n\r\nTicket review\r\n\r\npositional arguments:\r\n  name          set ticket for current worth\r\n\r\noptional arguments:\r\n  -h, --help    show this help message and exit\r\n  -g G [G ...]  graph for ticket\r\n  -t T [T ...]  timestamp (default:week; possibly: 1d,1mo,1y,max)\r\n  -i, --info    timestamp (default:week; possibly: 1d,1mo,1y,max)\r\n"]
[12.269341, "o", "\u001b]0;nevernew@orca:/mnt/repo/python/ticket\u0007"]
[12.269771, "o", "\u001b[01;33mnevernew@orca\u001b[01;34m /mnt/repo/python/ticket $\u001b[00m "]
[15.324975, "o", "./ticket.py "]
[18.575755, "o", "A"]
[18.827599, "o", "A"]
[19.546204, "o", "P"]
[19.97799, "o", "L"]
[21.362604, "o", " "]
[22.833641, "o", "S"]
[23.372721, "o", "B"]
[23.482839, "o", "E"]
[23.768484, "o", "R"]
[24.307423, "o", ">"]
[25.417141, "o", "\b\u001b[K"]
[25.857814, "o", "."]
[26.452051, "o", "M"]
[26.955369, "o", "E"]
[27.573229, "o", " "]
[28.919541, "o", "1"]
[30.026653, "o", "8"]
[30.219103, "o", "1"]
[30.416298, "o", "0"]
[30.797965, "o", "."]
[31.252923, "o", "H"]
[31.756202, "o", "K"]
[33.438608, "o", "\r\n"]
[34.23377, "o", "\u001b[31mAAPL            216.36     214.45      -0.88%\r\n"]
[34.672082, "o", "\u001b[39m\u001b[31mSBER.ME         189.89     185.27       -2.4%\r\n"]
[35.116308, "o", "\u001b[39m\u001b[32m1810.HK         12.66      12.76        0.79%\r\n\u001b[39m-----------------------------------------------\r\n"]
[35.1395, "o", "\u001b]0;nevernew@orca:/mnt/repo/python/ticket\u0007"]
[35.139793, "o", "\u001b[01;33mnevernew@orca\u001b[01;34m /mnt/repo/python/ticket $\u001b[00m "]
[37.64342, "o", "./ticket.py AAPL SBER.ME 1810.HK"]
[40.994113, "o", "\b\b"]
[41.281668, "o", "\b\b\b\b\b"]
[41.497299, "o", "\b\b\b"]
[41.784864, "o", "\b\b\b\b\b"]
[42.072441, "o", "\b\b\b\b\b"]
[42.819421, "o", "\u001b[1@-"]
[42.864728, "o", "\u001b[1@-"]
[43.515903, "o", "\b\u001b[1P"]
[43.799946, "o", "\u001b[1@g"]
[44.247917, "o", "\u001b[1@ "]
[45.409588, "o", "\r\n"]
[45.557667, "o", "-----------------------------------------------\r\n"]
[46.047292, "o", "AAPL time: 5d\r\n"]
[46.047802, "o", "START: 10/05/18 16:30       END: 10/11/18 22:30\r\n"]
[46.048009, "o", "  227.95  ┤╮                                  \r\n  226.71  ┼│                  ╭╮              \r\n  225.46  ┤╰╮            ╭────╯╰╮             \r\n  224.22  ┤ ╰─╮╭─╮╭╮     │      │             \r\n  222.97  ┤   ││ │││  ╭──╯      ╰───╮         \r\n  221.73  ┤   ╰╯ ╰╯╰──╯             ╰╮        \r\n  220.48  ┤                          ╰╮       \r\n"]
[46.048153, "o", "  219.24  ┤                           │       \r\n  217.99  ┤                           │╭╮╭─╮  \r\n  216.75  ┤                           ││╰╯ ╰─ \r\n  215.50  ┤                           ╰╯      \r\n  214.26  ┤                                   \r\n-----------------------------------------------\r\n"]
[46.507904, "o", "SBER.ME time: 5d\r\n"]
[46.508417, "o", "START: 10/05/18 09:30       END: 10/11/18 18:30\r\n"]
[46.508667, "o", "  195.50  ┤                    ╭╮                            \r\n  194.35  ┤                    │╰─╮                          \r\n  193.19  ┤                  ╭─╯  ╰╮   ╭╮   ╭─╮              \r\n  192.04  ┤                  │     ╰╮  │╰╮ ╭╯ ╰──╮           \r\n  190.88  ┤╭╮                │      │╭─╯ ╰─╯     │           \r\n  189.73  ┤╯╰╮  ╭──╮        ╭╯      ╰╯           ╰╮          \r\n  188.57  ┼  │ ╭╯  ╰╮       │                     │          \r\n  187.42  ┤  ╰╮│    ╰╮   ╭─╮│                     │╭╮        \r\n  186.26  ┤   ╰╯     │ ╭╮│ ╰╯                     ╰╯╰╮   ╭── \r\n  185.11  ┤          ╰─╯╰╯                           ╰╮ ╭╯   \r\n  183.95  ┤                                           ╰─╯    \r\n  182.80  ┤                                                  \r\n-----------------------------------------------\r"]
[46.508709, "o", "\n"]
[46.915457, "o", "1810.HK time: 5d\r\n"]
[46.916177, "o", "START: 10/05/18 04:30       END: 10/11/18 10:30\r\n   14.26  ┤    ╭╮╭╮                           \r\n   14.09  ┼────╯╰╯│                           \r\n   13.92  ┤       │       ╭──╮  ╭╮ ╭╮         \r\n   13.75  ┤       ╰───╮ ╭─╯  ╰╮╭╯╰─╯╰─╮       \r\n   13.58  ┤           ╰─╯     ╰╯      │       \r\n   13.41  ┤                           │       \r\n   13.25  ┤                           │       \r\n   13.08  ┤                           ╰╮      \r\n   12.91  ┤                            │      \r\n   12.74  ┤                            ╰─╮  ╭ \r\n   12.57  ┤                              ╰──╯ \r\n   12.40  ┤                                   \r\n-----------------------------------------------\r\n"]
[46.942261, "o", "\u001b]0;nevernew@orca:/mnt/repo/python/ticket\u0007"]
[46.94288, "o", "\u001b[01;33mnevernew@orca\u001b[01;34m /mnt/repo/python/ticket $\u001b[00m "]
[49.908655, "o", "./ticket.py -g AAPL SBER.ME 1810.HK"]
[52.492488, "o", " "]
[52.82866, "o", "-"]
[53.975031, "o", "t"]
[54.339781, "o", " "]
[56.205642, "o", "1"]
[56.771303, "o", "m"]
[57.105346, "o", "o"]
[57.486509, "o", "\r\n"]
[57.634029, "o", "-----------------------------------------------\r\n"]
[58.147358, "o", "AAPL time: 1mo\r\n"]
[58.148017, "o", "START: 09/12/18 16:30       END: 10/11/18 16:30"]
[58.14815, "o", "\r\n"]
[58.148657, "o", "  230.78  ┤               ╭╮     "]
[58.148792, "o", "\r\n  229.30  ┤              ╭╯│     \r\n  227.82  ┤            ╭─╯ ╰╮    "]
[58.148868, "o", "\r\n"]
[58.148971, "o", "  226.35  ┤ ╭╮         │    │ ╭╮ \r\n  224.87  ┼╮││       ╭─╯    │╭╯│ \r\n"]
[58.149046, "o", "  223.39  ┤╰╯╰╮      │      ╰╯ │ "]
[58.149202, "o", "\r\n  221.91  ┤   │  ╭╮ ╭╯         │ \r\n  220.43  ┤   │ ╭╯│╭╯          │ \r\n"]
[58.149355, "o", "  218.95  ┤   ╰─╯ ││           │ "]
[58.149735, "o", "\r\n"]
[58.149948, "o", "  217.48  ┤       ╰╯           │ \r\n  216.00  ┤                    ╰ \r\n  214.52  ┤                      \r\n-----------------------------------------------\r\n"]
[58.702604, "o", "SBER.ME time: 1mo\r\n"]
[58.703815, "o", "START: 09/12/18 09:30       END: 10/11/18 09:30\r\n"]
[58.704294, "o", "  205.16  ┤           ╭╮╭╮       \r\n  201.98  ┤           │╰╯│       \r\n  198.80  ┤        ╭╮ │  ╰─╮     \r\n  195.63  ┤     ╭╮╭╯╰─╯    │     \r\n  192.45  ┤    ╭╯╰╯        │ ╭─╮ \r\n  189.27  ┤  ╭─╯           ╰╮│ │ \r\n  186.09  ┤ ╭╯              ╰╯ ╰ \r\n  182.91  ┤ │                    \r\n  179.73  ┤ │                    \r\n  176.56  ┤╭╯                    \r\n  173.38  ┤╯                     \r\n  170.20  ┼                      \r\n-----------------------------------------------\r\n"]
[59.1091, "o", "1810.HK time: 1mo\r\n"]
[59.109688, "o", "START: 09/12/18 04:30       END: 10/11/18 04:30\r\n"]
[59.110034, "o", "   16.66  ┤ ╭╮                 \r\n   16.33  ┤ │╰───────╮         \r\n   15.99  ┼─╯        ╰╮        \r\n   15.66  ┤           ╰╮       \r\n   15.33  ┤            │       \r\n   15.00  ┤            ╰─╮     \r\n   14.66  ┤              │     \r\n   14.33  ┤              ╰─╮   \r\n   14.00  ┤                ╰╮  \r\n   13.67  ┤                 ╰╮ \r\n   13.33  ┤                  ╰ \r\n   13.00  ┤                    \r\n-----------------------------------------------\r\n"]
[59.132972, "o", "\u001b]0;nevernew@orca:/mnt/repo/python/ticket\u0007"]
